time_utc_iso,twl_ft_mllw,tide_ft_mllw,surge_ft,src_time
2026-04-12T18:00:00.000Z,0.97,1.258,0,202604121800
2026-04-12T19:00:00.000Z,1.38,1.582,0,202604121900
2026-04-12T20:00:00.000Z,1.498,1.801,0,202604122000
2026-04-12T21:00:00.000Z,1.659,1.846,0,202604122100
2026-04-12T22:00:00.000Z,1.62,1.652,0,202604122200
2026-04-12T23:00:00.000Z,1.318,1.295,0,202604122300
2026-04-13T00:00:00.000Z,0.97,0.917,0,202604130000
2026-04-13T01:00:00.000Z,0.659,0.602,0,202604130100
2026-04-13T02:00:00.000Z,0.419,0.373,0,202604130200
2026-04-13T03:00:00.000Z,0.35,0.293,0,202604130300
2026-04-13T04:00:00.000Z,0.449,0.471,0,202604130400
2026-04-13T05:00:00.000Z,0.79,0.9,0,202604130500
2026-04-13T06:00:00.000Z,1.338,1.4,0.1,202604130600
2026-04-13T07:00:00.000Z,1.781,1.811,0.1,202604130700
2026-04-13T08:00:00.000Z,2.01,2.096,0.1,202604130800
2026-04-13T09:00:00.000Z,2.128,2.2,0.1,202604130900
2026-04-13T10:00:00.000Z,2.04,2.032,0.1,202604131000
2026-04-13T11:00:00.000Z,1.679,1.623,0.1,202604131100
2026-04-13T12:00:00.000Z,1.239,1.123,0.1,202604131200
2026-04-13T13:00:00.000Z,0.819,0.664,0.1,202604131300
2026-04-13T14:00:00.000Z,0.419,0.298,0,202604131400
2026-04-13T15:00:00.000Z,0.16,0.072,0,202604131500
2026-04-13T16:00:00.000Z,0.049,0.09,0,202604131600
2026-04-13T17:00:00.000Z,0.18,0.409,0,202604131700
2026-04-13T18:00:00.000Z,0.6,0.912,0,202604131800
2026-04-13T19:00:00.000Z,1.059,1.405,0,202604131900
2026-04-13T20:00:00.000Z,1.459,1.8,-0.1,202604132000
2026-04-13T21:00:00.000Z,1.738,2.05,-0.1,202604132100
2026-04-13T22:00:00.000Z,1.767,2.056,-0.1,202604132200
2026-04-13T23:00:00.000Z,1.528,1.78,-0.1,202604132300
2026-04-14T00:00:00.000Z,1.088,1.337,-0.1,202604140000
2026-04-14T01:00:00.000Z,0.688,0.881,-0.1,202604140100
2026-04-14T02:00:00.000Z,0.298,0.495,-0.2,202604140200
2026-04-14T03:00:00.000Z,0.111,0.224,-0.2,202604140300
2026-04-14T04:00:00.000Z,-0.019,0.152,-0.2,202604140400
2026-04-14T05:00:00.000Z,0.19,0.374,-0.2,202604140500
2026-04-14T06:00:00.000Z,0.6,0.853,-0.2,202604140600
2026-04-14T07:00:00.000Z,1.229,1.402,-0.2,202604140700
2026-04-14T08:00:00.000Z,1.669,1.87,-0.2,202604140800
2026-04-14T09:00:00.000Z,2.02,2.191,-0.2,202604140900
2026-04-14T10:00:00.000Z,2.099,2.274,-0.2,202604141000
2026-04-14T11:00:00.000Z,1.958,2.04,-0.2,202604141100
2026-04-14T12:00:00.000Z,1.571,1.558,-0.2,202604141200
2026-04-14T13:00:00.000Z,1.039,0.997,-0.2,202604141300
2026-04-14T14:00:00.000Z,0.61,0.493,-0.2,202604141400
2026-04-14T15:00:00.000Z,0.298,0.111,-0.1,202604141500
2026-04-14T16:00:00.000Z,0.049,-0.079,-0.1,202604141600
2026-04-14T17:00:00.000Z,0.078,0.02,-0.1,202604141700
2026-04-14T18:00:00.000Z,0.478,0.444,0,202604141800
2026-04-14T19:00:00.000Z,1.069,1.05,0,202604141900
2026-04-14T20:00:00.000Z,1.659,1.636,0,202604142000
2026-04-14T21:00:00.000Z,2.059,2.091,0,202604142100
2026-04-14T22:00:00.000Z,2.377,2.333,0,202604142200
2026-04-14T23:00:00.000Z,2.299,2.261,0,202604142300
2026-04-15T00:00:00.000Z,2.049,1.879,0,202604150000
2026-04-15T01:00:00.000Z,1.61,1.334,0,202604150100
2026-04-15T02:00:00.000Z,1.088,0.792,0,202604150200
2026-04-15T03:00:00.000Z,0.77,0.348,0,202604150300
2026-04-15T04:00:00.000Z,0.469,0.056,0,202604150400
2026-04-15T05:00:00.000Z,0.439,0.004,0,202604150500
2026-04-15T06:00:00.000Z,0.639,0.278,0,202604150600
2026-04-15T07:00:00.000Z,1.098,0.824,0.1,202604150700
2026-04-15T08:00:00.000Z,1.63,1.439,0.1,202604150800
2026-04-15T09:00:00.000Z,2.138,1.956,0.1,202604150900
2026-04-15T10:00:00.000Z,2.489,2.283,0.1,202604151000
2026-04-15T11:00:00.000Z,2.528,2.316,0.1,202604151100
2026-04-15T12:00:00.000Z,2.4,2.001,0.2,202604151200
2026-04-15T13:00:00.000Z,1.889,1.44,0.2,202604151300
2026-04-15T14:00:00.000Z,1.318,0.823,0.2,202604151400
2026-04-15T15:00:00.000Z,0.869,0.296,0.3,202604151500
2026-04-15T16:00:00.000Z,0.508,-0.067,0.3,202604151600
2026-04-15T17:00:00.000Z,0.341,-0.2,0.3,202604151700
2026-04-15T18:00:00.000Z,0.429,-0.001,0.4,202604151800
2026-04-15T19:00:00.000Z,1.029,0.546,0.4,202604151900
2026-04-15T20:00:00.000Z,1.659,1.268,0.4,202604152000
2026-04-15T21:00:00.000Z,2.22,1.933,0.4,202604152100
2026-04-15T22:00:00.000Z,2.64,2.409,0.4,202604152200
2026-04-15T23:00:00.000Z,2.778,2.601,0.3,202604152300
2026-04-16T00:00:00.000Z,2.699,2.423,0.4,202604160000
2026-04-16T01:00:00.000Z,2.387,1.92,0.3,202604160100
2026-04-16T02:00:00.000Z,1.718,1.272,0.3,202604160200
2026-04-16T03:00:00.000Z,1.361,0.663,0.3,202604160300
2026-04-16T04:00:00.000Z,0.951,0.186,0.3,202604160400
2026-04-16T05:00:00.000Z,0.649,-0.11,0.3,202604160500
2026-04-16T06:00:00.000Z,0.639,-0.131,0.4,202604160600
2026-04-16T07:00:00.000Z,0.879,0.213,0.4,202604160700
2026-04-16T08:00:00.000Z,1.42,0.839,0.4,202604160800
2026-04-16T09:00:00.000Z,2.118,1.51,0.4,202604160900
2026-04-16T10:00:00.000Z,2.499,2.046,0.4,202604161000
2026-04-16T11:00:00.000Z,2.778,2.347,0.4,202604161100
2026-04-16T12:00:00.000Z,2.768,2.31,0.4,202604161200
2026-04-16T13:00:00.000Z,2.4,1.905,0.4,202604161300
2026-04-16T14:00:00.000Z,1.879,1.273,0.5,202604161400
2026-04-16T15:00:00.000Z,1.348,0.627,0.5,202604161500
2026-04-16T16:00:00.000Z,0.941,0.112,0.5,202604161600
2026-04-16T17:00:00.000Z,0.61,-0.212,0.5,202604161700
2026-04-16T18:00:00.000Z,0.518,-0.273,0.5,202604161800
2026-04-16T19:00:00.000Z,0.731,0.045,0.5,202604161900
2026-04-16T20:00:00.000Z,1.42,0.728,0.5,202604162000
2026-04-16T21:00:00.000Z,2.2,1.545,0.5,202604162100
2026-04-16T22:00:00.000Z,2.669,2.246,0.5,202604162200
2026-04-16T23:00:00.000Z,3.119,2.699,0.5,202604162300
2026-04-17T00:00:00.000Z,3.279,2.808,0.5,202604170000
2026-04-17T01:00:00.000Z,2.988,2.507,0.5,202604170100
2026-04-17T02:00:00.000Z,2.578,1.886,0.5,202604170200
2026-04-17T03:00:00.000Z,1.899,1.163,0.5,202604170300
2026-04-17T04:00:00.000Z,1.439,0.521,0.5,202604170400
2026-04-17T05:00:00.000Z,1,0.031,0.4,202604170500
2026-04-17T06:00:00.000Z,0.751,-0.256,0.5,202604170600
2026-04-17T07:00:00.000Z,0.81,-0.222,0.5,202604170700
2026-04-17T08:00:00.000Z,1.049,0.21,0.5,202604170800
2026-04-17T09:00:00.000Z,1.6,0.903,0.5,202604170900
2026-04-17T10:00:00.000Z,2.118,1.595,0.5,202604171000
2026-04-17T11:00:00.000Z,2.62,2.116,0.5,202604171100
2026-04-17T12:00:00.000Z,2.83,2.368,0.5,202604171200
2026-04-17T13:00:00.000Z,2.65,2.246,0.5,202604171300
2026-04-17T14:00:00.000Z,2.279,1.757,0.6,202604171400
2026-04-17T15:00:00.000Z,1.649,1.085,0.6,202604171500
2026-04-17T16:00:00.000Z,1.151,0.448,0.6,202604171600
2026-04-17T17:00:00.000Z,0.659,-0.033,0.6,202604171700
2026-04-17T18:00:00.000Z,0.439,-0.307,0.6,202604171800
2026-04-17T19:00:00.000Z,0.409,-0.274,0.6,202604171900
2026-04-17T20:00:00.000Z,0.849,0.174,0.6,202604172000
2026-04-17T21:00:00.000Z,1.639,0.968,0.6,202604172100
2026-04-17T22:00:00.000Z,2.328,1.83,0.7,202604172200
2026-04-17T23:00:00.000Z,2.929,2.517,0.7,202604172300
2026-04-18T00:00:00.000Z,3.354,2.911,0.7,202604180000
2026-04-18T01:00:00.000Z,3.288,2.915,0.6,202604180100
2026-04-18T02:00:00.000Z,2.997,2.493,0.7,202604180200
2026-04-18T03:00:00.000Z,2.323,1.789,0.7,202604180300
2026-04-18T04:00:00.000Z,1.601,1.036,0.7,202604180400
2026-04-18T05:00:00.000Z,1.084,0.389,0.8,202604180500
2026-04-18T06:00:00.000Z,0.633,-0.093,0.8,202604180600
2026-04-18T07:00:00.000Z,0.412,-0.344,0.8,202604180700
2026-04-18T08:00:00.000Z,0.554,-0.233,0.8,202604180800
2026-04-18T09:00:00.000Z,1.092,0.275,0.8,202604180900
2026-04-18T10:00:00.000Z,1.843,0.995,0.8,202604181000
2026-04-18T11:00:00.000Z,2.547,1.669,0.8,202604181100
2026-04-18T12:00:00.000Z,3.027,2.149,0.8,202604181200
2026-04-18T13:00:00.000Z,3.209,2.331,0.8,202604181300
2026-04-18T14:00:00.000Z,3.004,2.126,0.8,202604181400
2026-04-18T15:00:00.000Z,2.464,1.586,0.8,202604181500
2026-04-18T16:00:00.000Z,1.793,0.915,0.8,202604181600
2026-04-18T17:00:00.000Z,1.19,0.312,0.8,202604181700
2026-04-18T18:00:00.000Z,0.753,-0.125,0.8,202604181800
2026-04-18T19:00:00.000Z,0.648,-0.33,0.9,202604181900
2026-04-18T20:00:00.000Z,0.786,-0.192,0.9,202604182000
2026-04-18T21:00:00.000Z,1.344,0.366,0.9,202604182100
2026-04-18T22:00:00.000Z,2.192,1.214,0.9,202604182200
2026-04-18T23:00:00.000Z,3.043,2.065,0.9,202604182300
2026-04-19T00:00:00.000Z,3.678,2.7,0.9,202604190000
2026-04-19T01:00:00.000Z,3.987,3.009,0.9,202604190100
2026-04-19T02:00:00.000Z,3.884,2.906,0.9,202604190200
2026-04-19T03:00:00.000Z,3.478,2.4,1,202604190300
2026-04-19T04:00:00.000Z,2.742,1.664,1,202604190400
2026-04-19T05:00:00.000Z,1.997,0.919,1,202604190500
2026-04-19T06:00:00.000Z,1.37,0.292,1,202604190600
2026-04-19T07:00:00.000Z,0.922,-0.156,1,202604190700
2026-04-19T08:00:00.000Z,0.732,-0.346,1,202604190800
2026-04-19T09:00:00.000Z,0.913,-0.165,1,202604190900
2026-04-19T10:00:00.000Z,1.458,0.38,1,202604191000
2026-04-19T11:00:00.000Z,2.063,1.085,0.9,202604191100
2026-04-19T12:00:00.000Z,2.689,1.711,0.9,202604191200
2026-04-19T13:00:00.000Z,3.007,2.129,0.8,202604191300
2026-04-19T14:00:00.000Z,3.118,2.24,0.8,202604191400
2026-04-19T15:00:00.000Z,2.758,1.98,0.7,202604191500
2026-04-19T16:00:00.000Z,2.207,1.429,0.7,202604191600
2026-04-19T17:00:00.000Z,1.466,0.788,0.6,202604191700
2026-04-19T18:00:00.000Z,0.91,0.232,0.6,202604191800
2026-04-19T19:00:00.000Z,0.434,-0.144,0.5,202604191900
2026-04-19T20:00:00.000Z,0.309,-0.269,0.5,202604192000
2026-04-19T21:00:00.000Z,0.534,-0.044,0.5,202604192100
2026-04-19T22:00:00.000Z,1.148,0.57,0.5,202604192200
2026-04-19T23:00:00.000Z,1.993,1.415,0.5,202604192300
2026-04-20T00:00:00.000Z,2.789,2.211,0.5,202604200000
2026-04-20T01:00:00.000Z,3.343,2.765,0.5,202604200100
2026-04-20T02:00:00.000Z,3.462,2.984,0.4,202604200200
2026-04-20T03:00:00.000Z,3.285,2.807,0.4,202604200300
2026-04-20T04:00:00.000Z,2.646,2.268,0.3,202604200400
2026-04-20T05:00:00.000Z,1.921,1.543,0.3,202604200500
2026-04-20T06:00:00.000Z,1.212,0.834,0.3,202604200600
2026-04-20T07:00:00.000Z,0.636,0.258,0.3,202604200700
2026-04-20T08:00:00.000Z,0.245,-0.133,0.3,202604200800
2026-04-20T09:00:00.000Z,0.111,-0.267,0.3,202604200900
2026-04-20T10:00:00.000Z,0.329,-0.049,0.3,202604201000
2026-04-20T11:00:00.000Z,0.769,0.491,0.2,202604201100
2026-04-20T12:00:00.000Z,1.424,1.146,0.2,202604201200
2026-04-20T13:00:00.000Z,1.98,1.702,0.2,202604201300
2026-04-20T14:00:00.000Z,2.333,2.055,0.2,202604201400
2026-04-20T15:00:00.000Z,2.398,2.12,0.2,202604201500
2026-04-20T16:00:00.000Z,2.121,1.843,0.2,202604201600
2026-04-20T17:00:00.000Z,1.59,1.312,0.2,202604201700
2026-04-20T18:00:00.000Z,0.995,0.717,0.2,202604201800
2026-04-20T19:00:00.000Z,0.502,0.224,0.2,202604201900
2026-04-20T20:00:00.000Z,0.198,-0.08,0.2,202604202000
2026-04-20T21:00:00.000Z,0.134,-0.144,0.2,202604202100
2026-04-20T22:00:00.000Z,0.399,0.121,0.2,202604202200
2026-04-20T23:00:00.000Z,1.017,0.739,0.2,202604202300
2026-04-21T00:00:00.000Z,1.813,1.535,0.2,202604210000
2026-04-21T01:00:00.000Z,2.522,2.244,0.2,202604210100
2026-04-21T02:00:00.000Z,2.988,2.71,0.2,202604210200
2026-04-21T03:00:00.000Z,3.147,2.869,0.2,202604210300
2026-04-21T04:00:00.000Z,2.942,2.664,0.2,202604210400
2026-04-21T05:00:00.000Z,2.411,2.133,0.2,202604210500
2026-04-21T06:00:00.000Z,1.728,1.45,0.2,202604210600
2026-04-21T07:00:00.000Z,1.086,0.808,0.2,202604210700
2026-04-21T08:00:00.000Z,0.581,0.303,0.2,202604210800
2026-04-21T09:00:00.000Z,0.342,-0.036,0.3,202604210900
2026-04-21T10:00:00.000Z,0.232,-0.146,0.3,202604211000
2026-04-21T11:00:00.000Z,0.45,0.072,0.3,202604211100
2026-04-21T12:00:00.000Z,0.954,0.576,0.3,202604211200
2026-04-21T13:00:00.000Z,1.535,1.157,0.3,202604211300
2026-04-21T14:00:00.000Z,2.02,1.642,0.3,202604211400
2026-04-21T15:00:00.000Z,2.333,1.955,0.3,202604211500
2026-04-21T16:00:00.000Z,2.487,2.009,0.4,202604211600
2026-04-21T17:00:00.000Z,2.221,1.743,0.4,202604211700
2026-04-21T18:00:00.000Z,1.724,1.246,0.4,202604211800
2026-04-21T19:00:00.000Z,1.193,0.715,0.4,202604211900
2026-04-21T20:00:00.000Z,0.774,0.296,0.4,202604212000
2026-04-21T21:00:00.000Z,0.521,0.043,0.4,202604212100
2026-04-21T22:00:00.000Z,0.478,0,0.4,202604212200
2026-04-21T23:00:00.000Z,0.739,0.261,0.4,202604212300
2026-04-22T00:00:00.000Z,1.321,0.843,0.4,202604220000
